time,seconds_elapsed,z,y,x
1782455454047459000,0.069458984375,0.36823591589927673,0.6905057430267334,-0.1258024126291275
1782455454057484000,0.079484130859375,0.309386670589447,0.6300820112228394,-0.19963876903057098
1782455454067508200,0.08950830078125,0.25622281432151794,0.6370653510093689,-0.19812104105949402
1782455454077533200,0.099533203125,0.24679702520370483,0.4314876198768616,-0.19021423161029816
1782455454087557400,0.109557373046875,0.2835491895675659,0.0584663525223732,-0.24683542549610138
1782455454097582000,0.11958203125,0.25939515233039856,-0.19014805555343628,-0.3586367964744568
1782455454107606300,0.129606201171875,0.10005691647529602,-0.2908238172531128,-0.47817304730415344
1782455454117630200,0.139630126953125,-0.15887103974819183,-0.32700487971305847,-0.5903480648994446
1782455454127655200,0.1496552734375,-0.4001361131668091,-0.3753631114959717,-0.7038794159889221
1782455454137679000,0.15967919921875,-0.5321069359779358,-0.45234671235084534,-0.8170205354690552
1782455454147704000,0.1697041015625,-0.5589337348937988,-0.5465996861457825,-0.9385783672332764
1782455454157728300,0.179728271484375,-0.5569356679916382,-0.5991254448890686,-1.0593907833099365
1782455454167752200,0.189752197265625,-0.5724917054176331,-0.627264678478241,-1.155512809753418
1782455454177777400,0.19977734375,-0.6193974018096924,-0.7053669691085815,-1.2308743000030518
1782455454187801000,0.209801025390625,-0.6524294018745422,-0.7755801677703857,-1.257232904434204
1782455454197826000,0.219825927734375,-0.626916229724884,-0.7850173115730286,-1.202609896659851
1782455454207850200,0.229850341796875,-0.5048672556877136,-0.683742344379425,-1.0263248682022095
1782455454217874200,0.239874267578125,-0.35802996158599854,-0.46023330092430115,-0.7363585829734802
1782455454227899400,0.2498994140625,-0.2772001028060913,-0.276591032743454,-0.3792893886566162
1782455454237923000,0.259923095703125,-0.22943121194839478,-0.1772530972957611,-0.02754097618162632
1782455454247948300,0.2699482421875,-0.1762305647134781,-0.10316688567399979,0.26136139035224915
1782455454257972200,0.27997216796875,-0.12910431623458862,-0.016357745975255966,0.4494185149669647
1782455454267996400,0.289996337890625,-0.09678766131401062,0.06610863655805588,0.5293822884559631
1782455454278021000,0.300021240234375,-0.07107477635145187,0.11875180155038834,0.5298998355865479
1782455454288045000,0.310045166015625,-0.041302233934402466,0.1059233546257019,0.46472054719924927
1782455454298070300,0.3200703125,0.0005138320848345757,0.04859483987092972,0.35455429553985596
1782455454308094200,0.33009423828125,0.0363040529191494,-0.034277670085430145,0.21837778389453888
1782455454318119200,0.340119140625,0.059579867869615555,-0.11371073126792908,0.08150005340576172
1782455454328143000,0.35014306640625,0.07555270940065384,-0.18178138136863708,-0.021286245435476303
1782455454338167000,0.3601669921875,0.07772497832775116,-0.25859305262565613,-0.07727896422147751
1782455454348192000,0.37019189453125,0.07503677904605865,-0.2794511914253235,-0.0861094743013382
1782455454358216000,0.3802158203125,0.07705918699502945,-0.24859613180160522,-0.05790816247463226
1782455454368241200,0.3902412109375,0.08347154408693314,-0.2007407248020172,0.0055946470238268375
1782455454378264800,0.400264892578125,0.08725357055664062,-0.15565156936645508,0.0971704050898552
1782455454388289000,0.4102890625,0.08097010850906372,-0.08934418857097626,0.20919494330883026
1782455454398314000,0.42031396484375,0.06836798042058945,-0.017389288172125816,0.3196597099304199
1782455454408338200,0.430338134765625,0.04027162492275238,0.06303604692220688,0.4175170361995697
1782455454418363100,0.440363037109375,-0.005819939076900482,0.14273981750011444,0.497348427772522
1782455454428386800,0.45038671875,-0.047419313341379166,0.18193888664245605,0.5787671208381653
1782455454438411000,0.460410888671875,-0.07408265024423599,0.1781880408525467,0.6485825777053833
1782455454448436000,0.47043603515625,-0.07093719393014908,0.15750832855701447,0.6883465051651001
1782455454458460200,0.480460205078125,-0.02719535306096077,0.16315297782421112,0.7002255320549011
1782455454468485000,0.490485107421875,0.01749728061258793,0.17545731365680695,0.6724812984466553
1782455454478509000,0.500509033203125,0.02393743395805359,0.13819342851638794,0.6535283327102661
1782455454488533000,0.510532958984375,-0.0021460982970893383,0.0410679392516613,0.630822479724884
1782455454498558000,0.520557861328125,-0.022742729634046555,-0.10501725226640701,0.577052891254425
1782455454508582100,0.53058203125,-0.00869189202785492,-0.30847662687301636,0.49199679493904114
1782455454518606800,0.54060693359375,0.014784391038119793,-0.5710331201553345,0.41671234369277954
1782455454528631000,0.550631103515625,0.026731599122285843,-0.6936714053153992,0.3662180006504059
1782455454538656000,0.560656005859375,0.03319000452756882,-0.6215499043464661,0.35140496492385864
1782455454548680200,0.57068017578125,0.02598802000284195,-0.3199402391910553,0.36166641116142273
1782455454558703900,0.580703857421875,0.020933052524924278,0.21325330436229706,0.3173239231109619
1782455454568728800,0.590728759765625,0.03226080909371376,0.8407968878746033,0.17695856094360352
1782455454578753000,0.6007529296875,0.014435261487960815,1.3261678218841553,-0.03711386397480965
1782455454588778000,0.610778076171875,-0.005896908231079578,1.44469153881073,-0.31092649698257446
1782455454598802200,0.62080224609375,0.02517976425588131,1.0827414989471436,-0.5085874199867249
1782455454608825900,0.630825927734375,0.1495424509048462,0.380015105009079,-0.5524203777313232
1782455454618851000,0.64085107421875,0.33417943120002747,-0.34263765811920166,-0.48091036081314087
1782455454628875000,0.650875,0.4530389904975891,-0.7718287110328674,-0.3359776735305786
1782455454638900000,0.66089990234375,0.45524460077285767,-0.8402734398841858,-0.16852053999900818
1782455454648924200,0.670924072265625,0.36320391297340393,-0.5386539697647095,-0.02467736229300499
1782455454658948900,0.680948974609375,0.2436722069978714,0.06247655302286148,0.12430398166179657
1782455454668973000,0.69097314453125,0.16543333232402802,0.6974841356277466,0.3005165457725525
1782455454678997000,0.7009970703125,0.19095222651958466,1.0945398807525635,0.40401485562324524
1782455454689022000,0.71102197265625,0.3057160973548889,1.1614389419555664,0.341568261384964
1782455454699046000,0.7210458984375,0.44225266575813293,0.9242841005325317,0.1222146525979042
1782455454709070800,0.73107080078125,0.5434176325798035,0.5678468942642212,-0.16500088572502136
1782455454719095000,0.741094970703125,0.6032726764678955,0.2949938178062439,-0.4092158377170563
1782455454729119000,0.751118896484375,0.6241539716720581,0.2752073109149933,-0.5553615689277649
1782455454739144200,0.761144287109375,0.6047261953353882,0.5318480730056763,-0.624662458896637
1782455454749167900,0.77116796875,0.6129183769226074,1.033089280128479,-0.6979462504386902
1782455454759192800,0.78119287109375,0.6917823553085327,1.5322881937026978,-0.8375786542892456
1782455454769217000,0.791217041015625,0.8295636773109436,1.7857757806777954,-1.1192758083343506
1782455454779241000,0.801240966796875,0.9112350344657898,1.673166275024414,-1.5280861854553223
1782455454789266200,0.81126611328125,0.8339508771896362,1.0892459154129028,-1.919027328491211
1782455454799289900,0.821289794921875,0.6301631927490234,0.27153730392456055,-2.0930566787719727
1782455454809315000,0.831315185546875,0.39516928791999817,-0.5034801363945007,-2.026181221008301
1782455454819339000,0.841339111328125,0.1840120553970337,-0.8764626383781433,-1.7734884023666382
1782455454829364000,0.851364013671875,0.004550956655293703,-0.767331063747406,-1.4865208864212036
1782455454839388000,0.861387939453125,-0.12105198204517365,-0.49379342794418335,-1.1685326099395752
1782455454849411800,0.871411865234375,-0.15158140659332275,-0.32089516520500183,-0.7356962561607361
1782455454859437000,0.88143701171875,-0.06625349819660187,-0.31574687361717224,-0.25423163175582886
1782455454869461000,0.8914609375,0.005374083761125803,-0.4849897027015686,0.21277549862861633
1782455454879486200,0.901486328125,-0.0705491229891777,-0.6496662497520447,0.620827853679657
1782455454889510000,0.911510009765625,-0.267113596200943,-0.7197737097740173,0.9344321489334106
1782455454899534800,0.921534912109375,-0.4997790455818176,-0.6632119417190552,1.1468340158462524
1782455454909559000,0.93155908203125,-0.6806987524032593,-0.4533686935901642,1.2448327541351318
1782455454919583000,0.9415830078125,-0.7637909650802612,-0.245949387550354,1.2232674360275269
1782455454929608200,0.951608154296875,-0.7844222187995911,-0.1372988075017929,1.0797100067138672
1782455454939631900,0.9616318359375,-0.7561396956443787,-0.13724517822265625,0.8354465365409851
1782455454949657000,0.971656982421875,-0.7029070854187012,-0.23171362280845642,0.534861147403717
1782455454959681000,0.981680908203125,-0.6400567889213562,-0.360155314207077,0.23653194308280945
1782455454969705200,0.991705322265625,-0.5639167428016663,-0.4896954596042633,0.004334124270826578
1782455454979730000,1.00172998046875,-0.46117302775382996,-0.5563132762908936,-0.13873599469661713
1782455454989753900,1.01175390625,-0.3556162416934967,-0.560160219669342,-0.1773126721382141
1782455454999779000,1.021779052734375,-0.28321218490600586,-0.5173530578613281,-0.12185465544462204
1782455455009803000,1.031802978515625,-0.25464871525764465,-0.4385719299316406,0.0006377054378390312
1782455455019827000,1.041826904296875,-0.24721285700798035,-0.34265077114105225,0.14841490983963013
1782455455029852000,1.051851806640625,-0.27003028988838196,-0.27019521594047546,0.29528823494911194
1782455455039876000,1.0618759765625,-0.31268104910850525,-0.24546951055526733,0.43606290221214294
1782455455049901000,1.071901123046875,-0.3544388711452484,-0.2559373080730438,0.5597390532493591
1782455455059925000,1.081925048828125,-0.3797580599784851,-0.27140820026397705,0.6541521549224854
1782455455069950200,1.0919501953125,-0.37459659576416016,-0.2933547794818878,0.7019029259681702
1782455455079974000,1.101973876953125,-0.345645934343338,-0.3458161950111389,0.6970916390419006
1782455455089998000,1.111998046875,-0.2991497814655304,-0.415218710899353,0.6620292663574219
1782455455100023000,1.12202294921875,-0.25994086265563965,-0.48941177129745483,0.620450496673584
1782455455110047000,1.132046875,-0.23822437226772308,-0.5468897223472595,0.5856728553771973
1782455455120072000,1.142072021484375,-0.23024636507034302,-0.5660321116447449,0.5287570953369141
1782455455130095900,1.152095947265625,-0.18715216219425201,-0.569453775882721,0.4694810211658478
1782455455140121000,1.16212109375,-0.10766211897134781,-0.5399051904678345,0.39932435750961304
1782455455150145000,1.17214501953125,-0.021853473037481308,-0.49261996150016785,0.3270981013774872
1782455455160169000,1.1821689453125,-0.00009279325604438782,-0.4013064205646515,0.24724839627742767
1782455455170194000,1.19219384765625,0.057210445404052734,-0.29771292209625244,-0.03577958419919014
1782455455180217900,1.2022177734375,0.14213010668754578,-0.09816169738769531,-0.599635899066925
1782455455190243000,1.2122431640625,0.2510233223438263,0.29015862941741943,-1.320968747138977
1782455455200267000,1.22226708984375,0.3400072455406189,0.8311037421226501,-1.9841578006744385
1782455455210291000,1.232291015625,0.2668078541755676,1.0909368991851807,-2.345376491546631
1782455455220316000,1.24231591796875,0.15263909101486206,0.7278063893318176,-2.39469838142395
1782455455230340000,1.252340087890625,0.11007724702358246,-0.2149486243724823,-2.0736353397369385
1782455455240365000,1.262364990234375,0.1888102889060974,-1.154148817062378,-1.5101755857467651
1782455455250389000,1.272388916015625,0.17786070704460144,-1.5017476081848145,-0.8662385940551758
1782455455260413000,1.282412841796875,-0.049437686800956726,-1.1623443365097046,-0.20794515311717987
1782455455270438000,1.29243798828125,-0.3979000747203827,-0.3508155941963196,0.44689926505088806
1782455455280462000,1.302462158203125,-0.683348536491394,0.5446808934211731,1.0536255836486816
1782455455290487000,1.312487060546875,-0.7992519736289978,1.215111255645752,1.4818522930145264
1782455455300511200,1.32251123046875,-0.666301965713501,1.4348667860031128,1.606288194656372
1782455455310536000,1.332535888671875,-0.31699666380882263,1.2560406923294067,1.3506542444229126
1782455455320559900,1.342559814453125,0.11592009663581848,0.7744800448417664,0.7078314423561096
1782455455330584000,1.352583984375,0.4517178237438202,0.23765785992145538,-0.0629904717206955
1782455455340609000,1.362609130859375,0.6946303844451904,-0.11457174271345139,-0.7491393089294434
1782455455350633000,1.372633056640625,0.8285897970199585,-0.10445412993431091,-1.2010741233825684
1782455455360658000,1.382657958984375,0.7719799876213074,0.3365606665611267,-1.3307660818099976
1782455455370682000,1.39268212890625,0.4827210009098053,1.1647518873214722,-1.0818063020706177
1782455455380707000,1.40270703125,0.1714877337217331,1.937362790107727,-0.42542776465415955
1782455455390730800,1.412730712890625,0.14429819583892822,2.180346727371216,0.3966628909111023
1782455455400755000,1.4227548828125,0.4212192893028259,2.0933868885040283,1.252730131149292
1782455455410780000,1.43277978515625,0.9769719839096069,1.5314133167266846,1.7638887166976929
1782455455420804000,1.44280419921875,1.4961720705032349,0.6206477284431458,1.7997556924819946
1782455455430829000,1.4528291015625,1.7483587265014648,-0.43825414776802063,1.3822358846664429
1782455455440853000,1.46285302734375,1.6667674779891968,-1.4313462972640991,0.7646259069442749
1782455455450877000,1.472876953125,1.3463079929351807,-2.0558931827545166,0.1788093000650406
1782455455460902000,1.48290185546875,1.0058337450027466,-2.195108413696289,-0.19742348790168762
1782455455470926000,1.492926025390625,0.8471154570579529,-1.9220157861709595,-0.17926286160945892
1782455455480951000,1.502950927734375,0.4955108165740967,-1.3943045139312744,0.21431216597557068
1782455455490975000,1.51297509765625,-0.011492202058434486,-0.6528030633926392,0.7004791498184204
1782455455501000000,1.523,-0.35003674030303955,0.039596930146217346,1.013658881187439
1782455455511023900,1.53302392578125,-0.5888104438781738,0.4678518772125244,1.11140775680542
1782455455521048000,1.543048095703125,-0.7443162798881531,0.6180152893066406,0.9488352537155151
1782455455531072800,1.55307275390625,-0.8095653057098389,0.45856624841690063,0.5892320871353149
1782455455541097000,1.563096923828125,-0.799808919429779,0.11926659941673279,0.11228539049625397
1782455455551122000,1.573121826171875,-0.7095458507537842,-0.2075735628604889,-0.38370946049690247
1782455455561146000,1.58314599609375,-0.596289336681366,-0.43888646364212036,-0.7846139669418335
1782455455571169800,1.593169677734375,-0.5627649426460266,-0.5758956670761108,-1.0238171815872192
1782455455581194800,1.60319482421875,-0.6808024048805237,-0.5521000027656555,-1.0431147813796997
1782455455591219000,1.613218994140625,-0.9299797415733337,-0.38317808508872986,-0.8352987170219421
1782455455601244000,1.623243896484375,-1.2259689569473267,-0.12591435015201569,-0.4238390624523163
1782455455611268000,1.63326806640625,-1.4405611753463745,0.11543462425470352,0.11836828291416168
1782455455621293000,1.64329296875,-1.4703561067581177,0.24648921191692352,0.699962317943573
1782455455631317000,1.65331689453125,-1.288327932357788,0.19361934065818787,1.2066603899002075
1782455455641341000,1.6633408203125,-0.9519784450531006,0.023134201765060425,1.5409454107284546
1782455455651366000,1.673365966796875,-0.5821871161460876,-0.14067843556404114,1.6410472393035889
1782455455661390000,1.68339013671875,-0.28982019424438477,-0.27542808651924133,1.5426636934280396
1782455455671414800,1.693414794921875,-0.12142055481672287,-0.36702433228492737,1.2807796001434326
1782455455681439000,1.70343896484375,-0.06460065394639969,-0.45215508341789246,0.9456031918525696
1782455455691463000,1.713462890625,-0.09089750796556473,-0.5663729906082153,0.6045433282852173
1782455455701488000,1.723488037109375,-0.14682789146900177,-0.6370657682418823,0.310646116733551
1782455455711511800,1.73351171875,-0.2033260613679886,-0.6206122636795044,0.11468566209077835
1782455455721536800,1.743536865234375,-0.23420993983745575,-0.5141576528549194,0.03142402693629265
1782455455731561000,1.75356103515625,-0.22632645070552826,-0.36738285422325134,0.03389836847782135
1782455455741586000,1.7635859375,-0.1880062073469162,-0.2335975021123886,0.10021074116230011
1782455455751610000,1.773610107421875,-0.14070607721805573,-0.19320879876613617,0.1616773009300232
1782455455761633800,1.7836337890625,-0.12044239044189453,-0.23968137800693512,0.20780161023139954
1782455455771659000,1.793658935546875,-0.1476428508758545,-0.2505129873752594,0.23357194662094116
1782455455781683000,1.803682861328125,-0.19840210676193237,-0.16244322061538696,0.21930742263793945
1782455455791708000,1.8137080078125,-0.2328636795282364,-0.08096514642238617,0.14551867544651031
1782455455801732000,1.823732177734375,-0.26819559931755066,-0.09876085817813873,0.00602823868393898
1782455455811755800,1.833755859375,-0.34904944896698,-0.09388834238052368,-0.17453435063362122
1782455455821781000,1.843781005859375,-0.4348727762699127,0.10915905237197876,-0.4087485074996948
1782455455831805000,1.853804931640625,-0.40242907404899597,0.5562769174575806,-0.6741714477539062
1782455455841830000,1.863829833984375,-0.19493873417377472,0.8968299031257629,-0.8284895420074463
1782455455851853800,1.873853759765625,0.06415542215108871,0.8049085140228271,-0.8388639092445374
1782455455861878800,1.883878662109375,0.3257239758968353,0.20721924304962158,-0.8735849261283875
1782455455871903000,1.893903076171875,0.5654473304748535,-0.6841972470283508,-0.9466551542282104
1782455455881927000,1.903927001953125,0.6687703728675842,-1.3759326934814453,-0.9272016882896423
1782455455891952000,1.9139521484375,0.5951917767524719,-1.4801442623138428,-0.7888363599777222
1782455455901975800,1.923975830078125,0.32991814613342285,-0.8654269576072693,-0.5217750072479248
1782455455912000800,1.934000732421875,-0.1031709536910057,0.29141828417778015,-0.06683120876550674
1782455455922025000,1.94402490234375,-0.5178155899047852,1.4836065769195557,0.5539563298225403
1782455455932050000,1.9540498046875,-0.6639949083328247,2.2125582695007324,1.129984736442566
1782455455942074000,1.96407421875,-0.4704821705818176,2.3246819972991943,1.4214539527893066
1782455455952097800,1.974097900390625,0.025425324216485023,1.870949625968933,1.1930063962936401
1782455455962123000,1.984123046875,0.6392830014228821,1.112956166267395,0.4441298842430115
1782455455972147000,1.99414697265625,1.13700270652771,0.2901102304458618,-0.5763875842094421
1782455455982172000,2.004171875,1.4456827640533447,-0.24387980997562408,-1.5515294075012207
1782455455992195800,2.01419580078125,1.6131761074066162,-0.311489462852478,-2.208244562149048
1782455456002220800,2.024220703125,1.6468470096588135,-0.04399438947439194,-2.3907053470611572
1782455456012245000,2.034244873046875,1.4040852785110474,0.3813862204551697,-2.030932903289795
1782455456022269000,2.04426904296875,0.5997240543365479,1.1102370023727417,-1.1544617414474487
1782455456032294100,2.054294189453125,-0.3366242051124573,1.790829062461853,0.10531974583864212
1782455456042317800,2.06431787109375,-0.5996408462524414,1.9318970441818237,1.5249474048614502
1782455456052342800,2.0743427734375,0.24100510776042938,1.4063531160354614,2.525639533996582
1782455456062367000,2.084366943359375,1.6297956705093384,0.6681247353553772,2.6745874881744385
1782455456072391000,2.094390869140625,2.4617760181427,-0.18158452212810516,2.132560968399048
1782455456082416000,2.104416015625,2.3292431831359863,-0.9082657694816589,1.3565775156021118
1782455456092439800,2.114439697265625,1.6532779932022095,-1.0762885808944702,0.5356142520904541
1782455456102465000,2.124465087890625,1.0250591039657593,-0.8986466526985168,-0.02317066676914692
1782455456112489000,2.134489013671875,0.2212311327457428,-0.6484559774398804,-0.2114098072052002
1782455456122514000,2.144513916015625,-0.6538063883781433,-0.13965576887130737,-0.18251748383045197
1782455456132538000,2.1545380859375,-1.0610202550888062,0.5147465467453003,-0.08052825927734375
1782455456142561800,2.164561767578125,-0.982568085193634,0.8551669716835022,0.04978558048605919
1782455456152587000,2.1745869140625,-0.6301029920578003,0.9181137084960938,0.028864318504929543
1782455456162611000,2.18461083984375,-0.12888774275779724,0.5193043947219849,-0.1408694088459015
1782455456172636200,2.19463623046875,0.35580888390541077,-0.14955751597881317,-0.44959181547164917
1782455456182659800,2.204659912109375,0.6261993050575256,-0.781895101070404,-0.8013244867324829
1782455456192684800,2.214684814453125,0.6334058046340942,-1.224521517753601,-1.066746711730957
1782455456202709000,2.224708984375,0.38267144560813904,-1.389952540397644,-1.1676727533340454
1782455456212733000,2.23473291015625,-0.06831569969654083,-1.2250920534133911,-1.0657620429992676
1782455456222758100,2.244758056640625,-0.577784538269043,-0.8590011596679688,-0.7897957563400269
1782455456232781800,2.25478173828125,-1.0044019222259521,-0.3963259160518646,-0.38245218992233276
1782455456242806800,2.264806884765625,-1.2269368171691895,0.0024943258613348007,0.09299082309007645
1782455456252831000,2.2748310546875,-1.2087990045547485,0.18194930255413055,0.5586413145065308
1782455456262855200,2.284855224609375,-0.9710918664932251,0.1507817953824997,0.9309277534484863
1782455456272880000,2.294880126953125,-0.6140080094337463,0.02287788689136505,1.1454089879989624
1782455456282903800,2.30490380859375,-0.2496473640203476,-0.06499060988426208,1.1719964742660522
1782455456292929000,2.314928955078125,0.03675803914666176,-0.11045529693365097,1.0522104501724243
1782455456302953000,2.324952880859375,0.20059557259082794,-0.1368541270494461,0.8328124284744263
1782455456312978000,2.33497802734375,0.2370888739824295,-0.14170773327350616,0.5763511061668396
1782455456323001900,2.345001953125,0.17554424703121185,-0.11730480939149857,0.3509405553340912
1782455456333026000,2.355026123046875,0.10568686574697495,-0.04390489310026169,0.18575505912303925
1782455456343051800,2.3650517578125,0.07894270122051239,0.09204082936048508,0.08008506894111633
1782455456353075500,2.375075439453125,0.09399941563606262,0.19450673460960388,0.028216548264026642
1782455456363100400,2.385100341796875,0.16405357420444489,0.22857214510440826,0.003506183624267578
1782455456373124600,2.39512451171875,0.2670508027076721,0.18333302438259125,-0.06355487555265427
1782455456383149600,2.405149658203125,0.3207894265651703,0.06602627038955688,-0.16471216082572937
1782455456393173800,2.415173828125,0.2768073081970215,-0.1098150685429573,-0.2562063932418823
1782455456403197400,2.425197509765625,0.14502902328968048,-0.23692959547042847,-0.27695170044898987
1782455456413222700,2.43522265625,-0.012782707810401917,-0.2551687955856323,-0.21807533502578735
1782455456423246600,2.44524658203125,-0.15537235140800476,-0.2362971007823944,-0.12287131696939468
1782455456433271600,2.455271484375,-0.24437358975410461,-0.24019239842891693,-0.03150159865617752
1782455456443295500,2.46529541015625,-0.2589235007762909,-0.09675758332014084,-0.044153593480587006
1782455456453319400,2.4753193359375,-0.1083957850933075,0.24107611179351807,-0.24545662105083466
1782455456463344600,2.4853447265625,0.22049368917942047,0.7282236814498901,-0.6710886359214783
1782455456473368600,2.49536865234375,0.6732199192047119,1.1074670553207397,-1.2963039875030518
1782455456483393800,2.505393798828125,1.0656450986862183,0.9658163785934448,-2.0366129875183105
1782455456493417500,2.51541748046875,1.2884446382522583,0.08454014360904694,-2.66105580329895
1782455456503442400,2.5254423828125,1.2726433277130127,-1.2130193710327148,-2.840688943862915
1782455456513466600,2.535466552734375,0.9982168674468994,-2.056185722351074,-2.3144755363464355
1782455456523490600,2.545490478515625,0.568181574344635,-1.957628607749939,-1.1305180788040161
1782455456533515800,2.555515869140625,0.18533621728420258,-1.008264422416687,0.35144713521003723
1782455456543539500,2.56553955078125,0.05896624177694321,0.30288997292518616,1.6200495958328247
1782455456553564700,2.575564697265625,0.16236773133277893,1.2624218463897705,2.2238962650299072
1782455456563588600,2.585588623046875,0.2589332163333893,1.4923861026763916,2.0706841945648193
1782455456573613600,2.595613525390625,0.25381675362586975,1.0749305486679077,1.3091238737106323
1782455456583637500,2.605637451171875,0.17124971747398376,0.3246995508670807,0.29454442858695984
1782455456593661400,2.615661376953125,0.12225847691297531,-0.35452425479888916,-0.6135948300361633
1782455456603686700,2.625686767578125,0.18555648624897003,-0.6009613275527954,-1.224820852279663
1782455456613710600,2.635710693359375,0.31188565492630005,-0.44364863634109497,-1.4834835529327393
1782455456623735600,2.645735595703125,0.4179242253303528,-0.057590313255786896,-1.4351996183395386
1782455456633759500,2.655759521484375,0.5282787084579468,0.5278617143630981,-1.2566754817962646
1782455456643784400,2.665784423828125,0.7179727554321289,1.1470788717269897,-1.1245334148406982
1782455456653808600,2.67580859375,0.9261219501495361,1.4660701751708984,-1.0664130449295044
1782455456663832600,2.68583251953125,0.9914016127586365,1.2248382568359375,-0.9869116544723511
1782455456673857800,2.69585791015625,0.6572167277336121,0.6658439040184021,-0.7739967107772827
1782455456683881500,2.705881591796875,-0.22644808888435364,0.3766261637210846,-0.3789827823638916
1782455456693906400,2.715906494140625,-1.189868688583374,0.437043160200119,0.21106716990470886
1782455456703930600,2.7259306640625,-1.5070520639419556,0.48964768648147583,0.9636097550392151
1782455456713955600,2.73595556640625,-0.6396695375442505,0.15257592499256134,1.6046451330184937
1782455456723979500,2.7459794921875,0.7544269561767578,-0.23429526388645172,1.7954243421554565
1782455456734003500,2.75600341796875,1.4812438488006592,-0.3716065287590027,1.5544617176055908
1782455456744028700,2.766028564453125,1.4573506116867065,-0.41691529750823975,1.0797947645187378
1782455456754052600,2.776052490234375,0.9034820795059204,-0.5526304841041565,0.6095895171165466
1782455456764077600,2.78607763671875,0.044328272342681885,-0.4274422526359558,0.19173407554626465
1782455456774101500,2.7961015625,-0.6906341314315796,-0.11548461765050888,-0.05033102631568909
1782455456784125400,2.80612548828125,-1.1746153831481934,0.0595390684902668,-0.10108555853366852
1782455456794150700,2.816150634765625,-1.3473232984542847,0.29476916790008545,-0.14349240064620972
1782455456804174600,2.826174560546875,-1.192560076713562,0.3733426332473755,-0.19589629769325256
1782455456814199800,2.83619970703125,-0.8836168646812439,0.27739638090133667,-0.27094656229019165
1782455456824223500,2.846223388671875,-0.5781723260879517,0.12411674112081528,-0.3959771394729614
1782455456834248400,2.85624853515625,-0.3451337516307831,-0.10503122210502625,-0.5605647563934326
1782455456844272600,2.866272705078125,-0.24315039813518524,-0.3137706518173218,-0.724055826663971
1782455456854296600,2.876296630859375,-0.29439598321914673,-0.4651537835597992,-0.8497508764266968
1782455456864321500,2.886321533203125,-0.42574289441108704,-0.520358145236969,-0.9187831878662109
1782455456874345500,2.896345458984375,-0.589566707611084,-0.4830341637134552,-0.9158154129981995
1782455456884370700,2.90637060546875,-0.7505555748939514,-0.37724798917770386,-0.8412392139434814
1782455456894394600,2.91639453125,-0.8731533885002136,-0.2562723159790039,-0.7103320360183716
1782455456904419600,2.926419677734375,-0.9300171732902527,-0.12554225325584412,-0.5026524662971497
1782455456914443500,2.936443603515625,-0.8875325322151184,0.021773159503936768,-0.2280201017856598
1782455456924467500,2.946467529296875,-0.7200615406036377,0.09890486299991608,0.0670861080288887
1782455456934492700,2.95649267578125,-0.45987313985824585,0.07575506716966629,0.3284527361392975
1782455456944516600,2.9665166015625,-0.18930581212043762,0.027335815131664276,0.5039593577384949
1782455456954541600,2.97654150390625,0.0343182198703289,-0.04262728989124298,0.5603392720222473
1782455456964565500,2.9865654296875,0.15561586618423462,-0.16789205372333527,0.5027286410331726
1782455456974590500,2.996590576171875,0.16438885033130646,-0.28202101588249207,0.36670929193496704
1782455456984614700,3.00661474609375,0.10311125218868256,-0.3647642731666565,0.20828495919704437
1782455456994638600,3.016638671875,0.0015156501904129982,-0.39148348569869995,0.0738842710852623
1782455457004663600,3.02666357421875,-0.11653221398591995,-0.35814517736434937,-0.03483607620000839
1782455457014687500,3.0366875,-0.22684673964977264,-0.26269617676734924,-0.10506629943847656
1782455457024712400,3.04671240234375,-0.2600116431713104,-0.11778616905212402,-0.12969452142715454
1782455457034736600,3.056736572265625,-0.2006271481513977,-0.002352521987631917,-0.11955613642930984
1782455457044761600,3.06676171875,-0.11443580687046051,-0.050105877220630646,-0.11161515861749649
1782455457054785500,3.07678564453125,-0.09276353567838669,-0.24181565642356873,-0.11057412624359131
1782455457064809500,3.0868095703125,-0.13521385192871094,-0.4550352394580841,-0.12854881584644318
1782455457074834700,3.096834716796875,-0.16691692173480988,-0.5400545597076416,-0.19733721017837524
1782455457084858600,3.106858642578125,-0.1671515554189682,-0.4225998520851135,-0.3118928372859955
1782455457094883600,3.116883544921875,-0.1443817913532257,-0.0846676230430603,-0.4787449538707733
1782455457104907500,3.126907470703125,-0.08402013778686523,0.3971269428730011,-0.7631328105926514
1782455457114932500,3.136932373046875,0.0896557867527008,0.9497097134590149,-1.2364451885223389
1782455457124956700,3.146956787109375,0.3179214894771576,1.2358403205871582,-1.7701503038406372
1782455457134980600,3.156980712890625,0.5377297401428223,0.9812432527542114,-2.2360661029815674
1782455457145005800,3.167005859375,0.6914699673652649,0.33369195461273193,-2.575727939605713
1782455457155029500,3.177029541015625,0.9865817427635193,-0.4928285777568817,-2.844883441925049
1782455457165054500,3.187054443359375,1.274943470954895,-1.0625596046447754,-2.705932855606079
1782455457175078700,3.19707861328125,1.2984528541564941,-1.344779372215271,-2.0154333114624023
1782455457185103600,3.207103515625,1.102548599243164,-1.1433254480361938,-0.9297544956207275
1782455457195127600,3.21712744140625,0.7061901092529297,-0.41421857476234436,0.28212305903434753
1782455457205151500,3.2271513671875,0.27375322580337524,0.5191266536712646,1.309307336807251
1782455457215176700,3.2371767578125,-0.023871518671512604,1.1124736070632935,1.9221587181091309
1782455457225200600,3.24720068359375,-0.07240234315395355,1.300796389579773,2.0206799507141113
1782455457235225600,3.2572255859375,0.1726452261209488,1.142175316810608,1.5900033712387085
1782455457245249500,3.26724951171875,0.5792933702468872,0.680719792842865,0.6967566013336182
1782455457255274500,3.2772744140625,0.8896498680114746,0.17906175553798676,-0.36093488335609436
1782455457265298700,3.287298583984375,1.0181000232696533,-0.09153523296117783,-1.272716760635376
1782455457275322600,3.297322509765625,0.961020290851593,0.14001169800758362,-1.8359715938568115
1782455457285347600,3.30734765625,0.7665746212005615,0.7835267782211304,-1.9163787364959717
1782455457295371500,3.31737158203125,0.5618041753768921,1.4299668073654175,-1.5950262546539307
1782455457305396500,3.327396484375,0.5743983387947083,1.6184699535369873,-0.9240065813064575
1782455457315420700,3.337420654296875,0.9070220589637756,0.9917988181114197,0.07519946247339249
1782455457325445600,3.347445556640625,1.442732810974121,-0.07931983470916748,1.1253808736801147
1782455457335469600,3.357469482421875,1.8581206798553467,-0.8652650117874146,1.9232064485549927
1782455457345493200,3.3674931640625,1.8405250310897827,-1.1436998844146729,2.3798325061798096
1782455457355518500,3.3775185546875,1.4823426008224487,-1.0587544441223145,2.5669517517089844
1782455457365542400,3.38754248046875,0.9733632802963257,-0.6786177158355713,2.5065743923187256
1782455457375567400,3.3975673828125,0.4549049139022827,-0.22117877006530762,2.220737934112549
1782455457385591300,3.40759130859375,0.10801011323928833,-0.006372624076902866,1.8588005304336548
1782455457395616300,3.4176162109375,-0.10645531117916107,-0.14002256095409393,1.5948717594146729
1782455457405640400,3.427640380859375,-0.46752333641052246,-0.19720828533172607,1.3171205520629883
1782455457415664400,3.437664306640625,-0.6869670152664185,-0.10861930251121521,0.9118814468383789
1782455457425689300,3.447689453125,-0.7812181115150452,0.05282578244805336,0.4997107684612274
1782455457435713300,3.45771337890625,-0.8812805414199829,0.24813616275787354,0.049240268766880035
1782455457445738200,3.46773828125,-0.9599279761314392,0.3745020925998688,-0.39416760206222534
1782455457455762400,3.477762451171875,-1.0727384090423584,0.3241598308086395,-0.7542238235473633
1782455457465787400,3.487787353515625,-1.142745852470398,0.013763432390987873,-0.9253401756286621
1782455457475811300,3.497811279296875,-1.1294556856155396,-0.1399393081665039,-0.8711028099060059
1782455457485835300,3.507835205078125,-0.9232396483421326,-0.22173377871513367,-0.6605532765388489
1782455457495860200,3.517860107421875,-0.5561622977256775,-0.17008203268051147,-0.4440896809101105
1782455457505884400,3.527884521484375,-0.16016651690006256,-0.09735547006130219,-0.2732185125350952
1782455457515909400,3.537909423828125,0.11800731718540192,-0.10091425478458405,-0.14663153886795044
1782455457525933300,3.547933349609375,0.21361498534679413,-0.1329701840877533,-0.0777750089764595
1782455457535958300,3.557958251953125,0.15494848787784576,-0.1546267420053482,-0.055598340928554535
1782455457545982500,3.567982421875,0.00017897086217999458,-0.16960889101028442,-0.04333890601992607
1782455457556006400,3.57800634765625,-0.172633558511734,-0.11640666425228119,-0.023664269596338272
1782455457566031000,3.588031005859375,-0.3198981285095215,0.017801528796553612,0.005369132850319147
1782455457576055300,3.59805517578125,-0.39740222692489624,0.16055095195770264,0.0352705717086792
1782455457586080300,3.608080322265625,-0.40826156735420227,0.2368364781141281,0.04925677552819252
1782455457596104400,3.6181044921875,-0.3770011067390442,0.2465897649526596,0.03914528340101242
1782455457606129400,3.62812939453125,-0.3242252469062805,0.21520349383354187,0.015580381266772747
1782455457616153300,3.6381533203125,-0.26898518204689026,0.19647268950939178,-0.007042905315756798
1782455457626177300,3.64817724609375,-0.24473604559898376,0.19619609415531158,-0.029313547536730766
1782455457636202200,3.6582021484375,-0.2329249382019043,0.19775964319705963,-0.04746458679437637
1782455457646226400,3.668226318359375,-0.22170118987560272,0.18941158056259155,-0.07899928092956543
1782455457656251400,3.67825146484375,-0.2118978202342987,0.18657957017421722,-0.14003893733024597
1782455457666275300,3.688275390625,-0.21689903736114502,0.19943949580192566,-0.24428704380989075
1782455457676300300,3.69830029296875,-0.21519407629966736,0.1672581285238266,-0.36831310391426086
1782455457686324500,3.708324462890625,-0.1827932596206665,0.019082086160779,-0.4562055766582489
1782455457696348400,3.718348388671875,-0.16061019897460938,-0.18969854712486267,-0.5142502188682556
1782455457706373400,3.728373291015625,-0.1700841337442398,-0.3606952726840973,-0.550438642501831
1782455457716397300,3.738397216796875,-0.1809847056865692,-0.40706437826156616,-0.6317231059074402
1782455457726422300,3.74842236328125,-0.18145690858364105,-0.13241972029209137,-0.8344177007675171
1782455457736446500,3.758446533203125,-0.1363791823387146,0.453433096408844,-1.2277554273605347
1782455457746471400,3.768471435546875,-0.010721100494265556,1.1031017303466797,-1.8037220239639282
1782455457756495400,3.778495361328125,0.1484576314687729,1.3012150526046753,-2.345219135284424
1782455457766519300,3.788519287109375,0.30832692980766296,1.0007388591766357,-2.746983289718628
1782455457776544300,3.798544189453125,0.3785792589187622,0.3929205536842346,-2.960080862045288
1782455457786568400,3.808568359375,0.2026420533657074,-0.22973524034023285,-3.0623817443847656
1782455457796593400,3.818593505859375,-0.1052129790186882,-0.42067191004753113,-2.786362648010254
1782455457806617300,3.828617431640625,-0.27158302068710327,-0.3203986585140228,-1.8702865839004517
1782455457816642300,3.838642333984375,-0.040350060909986496,-0.2530460059642792,-0.5808371901512146
1782455457826666200,3.848666259765625,0.4078333377838135,-0.1754492223262787,0.6223610043525696
1782455457836691500,3.85869140625,0.7895314693450928,-0.05971302464604378,1.3483352661132812
1782455457846715400,3.86871533203125,1.0488439798355103,0.1643347293138504,1.4366291761398315
1782455457856739300,3.8787392578125,1.070603847503662,0.315011590719223,0.9945963025093079
1782455457866764300,3.888764404296875,0.890254020690918,0.26546725630760193,0.32918065786361694
1782455457876788500,3.89878857421875,0.6533418893814087,0.07677110284566879,-0.29017528891563416
1782455457886813400,3.9088134765625,0.43010127544403076,0.044276654720306396,-0.5706424713134766
1782455457896837000,3.918837158203125,0.2531832158565521,0.1428290605545044,-0.5451450943946838
1782455457906862300,3.9288623046875,0.10287972539663315,0.34409570693969727,-0.3110879957675934
1782455457916886300,3.93888623046875,0.012739714235067368,0.6001682281494141,-0.10082559287548065
1782455457926910500,3.948910400390625,0.03137202560901642,0.5891121029853821,0.031372010707855225
1782455457936935400,3.958935302734375,0.30807846784591675,-0.0012933876132592559,0.32193833589553833
1782455457946959400,3.96895947265625,0.9491971731185913,-0.916131854057312,0.7259371280670166
1782455457956984300,3.978984375,1.7667160034179688,-1.6119502782821655,1.0290913581848145
1782455457967008300,3.98900830078125,2.3683412075042725,-1.8057291507720947,1.2034426927566528
1782455457977033500,3.999033447265625,2.629296064376831,-1.5500763654708862,1.3105030059814453
1782455457987057400,4.009057373046875,2.3723127841949463,-1.1127030849456787,1.4386398792266846
1782455457997081300,4.019081298828125,1.5679882764816284,-0.5688369870185852,1.5135698318481445
1782455458007106300,4.029106201171875,0.5991998314857483,-0.00006668420974165201,1.490302562713623
1782455458017130500,4.039130615234375,-0.35685983300209045,0.3199387490749359,1.4001487493515015
1782455458027155500,4.049155517578125,-1.098055362701416,0.43643754720687866,1.2577705383300781
1782455458037179100,4.05917919921875,-1.3897823095321655,0.42129775881767273,1.1129640340805054
1782455458047204400,4.069204345703125,-1.2256802320480347,0.2372843474149704,0.9978441596031189
1782455458057228300,4.079228271484375,-0.8136340379714966,-0.15528397262096405,0.8498728275299072
1782455458067252500,4.08925244140625,-0.32685351371765137,-0.6235969066619873,0.6382232904434204
1782455458077277400,4.09927734375,-0.021175870671868324,-0.9728680849075317,0.3593999445438385
1782455458087301400,4.10930126953125,-0.05621160566806793,-1.204365849494934,0.13692282140254974
1782455458097326300,4.119326416015625,-0.31888797879219055,-1.2877198457717896,0.04483310878276825
1782455458107350300,4.129350341796875,-0.6234930753707886,-1.1741454601287842,0.11482778191566467
1782455458117375500,4.13937548828125,-0.8319813013076782,-0.8249883651733398,0.3103243112564087
1782455458127399400,4.1493994140625,-0.9355385899543762,-0.3442398011684418,0.54999178647995
1782455458137424100,4.159424072265625,-0.985026478767395,0.03283475339412689,0.7633967399597168
1782455458147448300,4.1694482421875,-1.0398852825164795,0.14747343957424164,0.868779182434082
1782455458157472300,4.17947216796875,-1.101481318473816,0.08139989525079727,0.8953292965888977
1782455458167497500,4.18949755859375,-1.1307851076126099,0.018682343885302544,0.9119471311569214
1782455458177521200,4.199521240234375,-1.1191105842590332,0.06591776758432388,0.9592059850692749
1782455458187546400,4.20954638671875,-1.0707159042358398,0.16688236594200134,1.0181244611740112
1782455458197570300,4.2195703125,-0.9748754501342773,0.2776924967765808,1.0461204051971436
1782455458207595300,4.22959521484375,-0.8199508190155029,0.3508540093898773,1.0285322666168213
1782455458217619500,4.239619384765625,-0.6181899905204773,0.3157743215560913,0.9759916663169861
1782455458227643100,4.24964306640625,-0.4100796580314636,0.16069629788398743,0.8928549885749817
1782455458237668400,4.25966845703125,-0.23071600496768951,-0.08065053075551987,0.7782852649688721
1782455458247692300,4.2696923828125,-0.10884233564138412,-0.3556322157382965,0.6404368877410889
1782455458257717200,4.27971728515625,-0.04015248268842697,-0.5802102088928223,0.4847945272922516
1782455458267741400,4.289741455078125,-0.00431135855615139,-0.6812121868133545,0.33725714683532715
1782455458277766100,4.29976611328125,0.0026003436651080847,-0.642769992351532,0.23972049355506897
1782455458287790300,4.309790283203125,-0.014602543786168098,-0.5104248523712158,0.18939489126205444
1782455458297815300,4.319815185546875,-0.05377098545432091,-0.32241714000701904,0.16834312677383423
1782455458307839500,4.329839599609375,-0.11135851591825485,-0.13733094930648804,0.15583911538124084
1782455458317863200,4.33986328125,-0.21726711094379425,-0.05084453150629997,0.1261427253484726
1782455458327888100,4.34988818359375,-0.3705407977104187,-0.0835123062133789,0.06149604916572571
1782455458337911600,4.35991162109375,-0.4985935389995575,-0.1613871455192566,-0.023164773359894753
1782455458347936500,4.3699365234375,-0.5999481081962585,-0.1896699070930481,-0.12433730810880661
1782455458357960700,4.379960693359375,-0.7049933075904846,-0.20608137547969818,-0.20964981615543365
1782455458367985700,4.389985595703125,-0.7418777942657471,-0.14192458987236023,-0.31241726875305176
1782455458378009600,4.400009521484375,-0.6961707472801208,0.09998390823602676,-0.5041789412498474
1782455458388033500,4.410033447265625,-0.5802940130233765,0.5235901474952698,-0.9025119543075562
1782455458398058800,4.420058837890625,-0.40022382140159607,1.0273326635360718,-1.595360517501831
1782455458408082700,4.430082763671875,-0.27292367815971375,1.4145560264587402,-2.4548165798187256
1782455458418107400,4.440107421875,-0.2191867083311081,1.4305810928344727,-3.3493525981903076
1782455458428131600,4.450131591796875,-0.1902700811624527,0.9627119898796082,-4.090086936950684
1782455458438156500,4.460156494140625,-0.0450604148209095,0.14944760501384735,-4.242666244506836
1782455458448180700,4.4701806640625,0.11508316546678543,-0.5331093668937683,-3.590494394302368
1782455458458205700,4.480205810546875,0.15691183507442474,-0.7132341265678406,-2.1862316131591797
1782455458468229600,4.490229736328125,0.11240436136722565,-0.3462000787258148,-0.37162137031555176
1782455458478253600,4.500253662109375,0.16684390604496002,0.31704020500183105,1.2069593667984009
1782455458488278500,4.510278564453125,0.427773654460907,0.9401369094848633,2.023355722427368
1782455458498302700,4.520302734375,0.769680917263031,1.3526967763900757,1.916150450706482
1782455458508327700,4.53032763671875,1.045137643814087,1.2576948404312134,1.0827940702438354
1782455458518351600,4.5403515625,1.221477746963501,0.6701727509498596,-0.15726938843727112
1782455458528376600,4.55037646484375,1.2758275270462036,-0.117714062333107,-1.3746072053909302
1782455458538400800,4.56040087890625,1.1536095142364502,-0.5915263891220093,-2.1995480060577393
1782455458548424700,4.5704248046875,0.8245123624801636,-0.3666098117828369,-2.392671585083008
1782455458558449700,4.58044970703125,0.33691468834877014,0.4103991389274597,-1.9300190210342407
1782455458568473600,4.5904736328125,-0.18642659485340118,1.4099090099334717,-1.0329581499099731
1782455458578498600,4.60049853515625,-0.26381006836891174,1.8029958009719849,0.061881255358457565
1782455458588522800,4.610522705078125,0.6793673634529114,0.7834745049476624,1.1990503072738647
1782455458598547700,4.620547607421875,1.9557453393936157,-0.6755393743515015,2.035191774368286
1782455458608571600,4.630571533203125,2.607576608657837,-1.5581512451171875,2.3779067993164062
1782455458618595600,4.640595703125,2.512049674987793,-1.8387267589569092,2.491170644760132
1782455458628620500,4.65062060546875,1.8905103206634521,-1.7164043188095093,2.4803247451782227
1782455458638644700,4.660644775390625,0.9618306159973145,-1.3357983827590942,2.337440252304077
1782455458648669700,4.670669677734375,0.06782160699367523,-0.9910985231399536,2.142195224761963
1782455458658693600,4.680693603515625,-0.5929933190345764,-0.8182894587516785,2.0539486408233643
1782455458668718600,4.690718505859375,-1.0191200971603394,-0.6277341246604919,2.005737781524658
1782455458678742500,4.700742431640625,-1.2420018911361694,-0.2578572630882263,1.8296209573745728
1782455458688767700,4.710767822265625,-1.2056212425231934,0.2561357021331787,1.4292138814926147
1782455458698791700,4.720791748046875,-1.0314217805862427,0.634122908115387,0.8171024918556213
1782455458708815600,4.730815673828125,-0.9438132643699646,0.712288498878479,0.02382209338247776
1782455458718840600,4.740840576171875,-1.0264650583267212,0.5054820775985718,-0.7899075746536255
1782455458728864800,4.75086474609375,-1.2247531414031982,0.09760715067386627,-1.4778062105178833
1782455458738889700,4.7608896484375,-1.4856082201004028,-0.5139060616493225,-1.822029948234558
1782455458748913400,4.770913330078125,-1.7270625829696655,-0.7177324891090393,-1.7728488445281982
1782455458758938600,4.780938720703125,-1.7968297004699707,-0.6321584582328796,-1.343333125114441
1782455458768962600,4.790962646484375,-1.7181344032287598,-0.3174968361854553,-0.6859033107757568
1782455458778987500,4.800987548828125,-1.5126909017562866,-0.001737816259264946,0.10026554763317108
1782455458789011700,4.81101171875,-1.2151669263839722,0.17722347378730774,0.8433202505111694
1782455458799035600,4.82103564453125,-0.8754801750183105,0.19618704915046692,1.3867441415786743
1782455458809060600,4.831060546875,-0.5504152178764343,0.13673271238803864,1.6714547872543335
1782455458819084500,4.84108447265625,-0.2615088224411011,0.06879547238349915,1.7261396646499634
1782455458829109800,4.85110986328125,-0.03212779015302658,-0.03989047557115555,1.5978807210922241
1782455458839133700,4.8611337890625,0.11322780698537827,-0.17233029007911682,1.365596890449524
1782455458849158400,4.871158447265625,0.166556254029274,-0.3041151463985443,1.073978304862976
1782455458859182600,4.8811826171875,0.13602231442928314,-0.3811979591846466,0.7848591208457947
1782455458869206800,4.891206787109375,0.04194297641515732,-0.4077209532260895,0.5314053893089294
1782455458879231700,4.901231689453125,-0.07381425052881241,-0.40644025802612305,0.3509802520275116
1782455458889255400,4.91125537109375,-0.15781009197235107,-0.3490734100341797,0.2696515917778015
1782455458899280600,4.92128076171875,-0.1767883151769638,-0.2659588158130646,0.2957143485546112
1782455458909304600,4.9313046875,-0.16923534870147705,-0.21378344297409058,0.41115397214889526
1782455458919329500,4.94132958984375,-0.15907858312129974,-0.20536358654499054,0.5805760025978088
1782455458929353700,4.951353759765625,-0.16802971065044403,-0.20735596120357513,0.7631550431251526
1782455458939378700,4.961378662109375,-0.18970143795013428,-0.13597790896892548,0.8959389328956604
1782455458949402600,4.971402587890625,-0.23365934193134308,0.0021813963539898396,0.9420680999755859
1782455458959426600,4.981426513671875,-0.2833603322505951,0.13193193078041077,0.880050539970398
1782455458969451800,4.99145166015625,-0.3101639449596405,0.14909663796424866,0.6710957884788513
1782455458979475700,5.001475830078125,-0.3050927519798279,-0.004182920325547457,0.32038673758506775
1782455458989500400,5.01150048828125,-0.2984159290790558,-0.31268906593322754,-0.06829816848039627
1782455458999524600,5.021524658203125,-0.37010905146598816,-0.7768028974533081,-0.40336957573890686
1782455459009549600,5.031549560546875,-0.4388817548751831,-0.9483329653739929,-0.5760946869850159
1782455459019573800,5.04157373046875,-0.625530481338501,-1.1063508987426758,-0.5604469776153564
1782455459029598700,5.0515986328125,-0.7111406922340393,-1.09987211227417,-0.2655469477176666
1782455459039622700,5.06162255859375,-0.616500973701477,-0.5774815678596497,-0.062205273658037186
1782455459049646600,5.071646484375,-0.3208376467227936,0.30614298582077026,-0.05813569203019142
1782455459059671600,5.081671630859375,0.0833047479391098,1.2346328496932983,-0.6885165572166443
1782455459069695700,5.09169580078125,0.48375895619392395,1.7726964950561523,-1.7551556825637817
1782455459079720700,5.101720703125,0.598854660987854,0.9651565551757812,-2.834965705871582
1782455459089744600,5.11174462890625,0.36432066559791565,-0.713280975818634,-3.4090676307678223
1782455459099769600,5.12176953125,-0.012255383655428886,-2.149183750152588,-3.0461416244506836
1782455459109793500,5.13179345703125,-0.364197313785553,-2.8876991271972656,-1.7484885454177856
1782455459119817700,5.141817626953125,-0.8137210607528687,-2.6483561992645264,-0.13345631957054138
1782455459129842400,5.151842529296875,-1.2722934484481812,-1.75861394405365,1.253233790397644
1782455459139866600,5.16186669921875,-1.477682113647461,-0.6881436705589294,2.1936309337615967
1782455459149891600,5.1718916015625,-1.264453411102295,0.08652019500732422,2.4433348178863525
1782455459159915800,5.181915771484375,-0.9162459373474121,0.38961830735206604,2.0198745727539062
1782455459169940700,5.191940673828125,-0.6403276920318604,0.4486287832260132,1.1485028266906738
1782455459179964400,5.20196435546875,-0.40517061948776245,0.5515375733375549,0.10317451506853104
1782455459189989600,5.21198974609375,-0.16511353850364685,0.6766360402107239,-0.8783185482025146
1782455459200013600,5.222013671875,-0.5348995923995972,1.1667940616607666,-1.549690842628479
1782455459210037800,5.232037841796875,-1.8301109075546265,2.33225154876709,-1.7946547269821167
1782455459220062700,5.242062744140625,-2.879451274871826,3.065195322036743,-1.4550607204437256
1782455459230086700,5.252086669921875,-2.545130729675293,1.9035030603408813,-0.5506199598312378
1782455459240111600,5.262111572265625,-0.5118635296821594,-0.14673073589801788,0.47381260991096497
1782455459250135600,5.272135498046875,0.9540048241615295,-0.8728280663490295,0.9523525834083557
1782455459260160800,5.282160888671875,1.1635653972625732,-0.6278513073921204,1.2279717922210693
1782455459270184400,5.292184326171875,0.655886173248291,-0.4942420423030853,1.3945646286010742
1782455459280209700,5.302209716796875,0.3929523229598999,-0.019113074988126755,1.51693856716156
1782455459290233600,5.312233642578125,0.36603817343711853,0.08331098407506943,1.6281511783599854
1782455459300257800,5.3222578125,0.18329071998596191,-0.09678475558757782,1.4080662727355957
1782455459310282800,5.33228271484375,-0.04371095076203346,-0.06494533270597458,0.7827397584915161
1782455459320306400,5.342306396484375,-0.19846618175506592,0.16904452443122864,0.07623131573200226
1782455459330331600,5.35233154296875,-0.2258882075548172,0.5519557595252991,-0.5960813164710999
1782455459340355800,5.36235595703125,-0.06228623166680336,0.7545692920684814,-1.1769835948944092
1782455459350380800,5.372380859375,0.17173826694488525,0.6325593590736389,-1.532787799835205
1782455459360405000,5.382405029296875,0.3023127615451813,0.3714965879917145,-1.5759638547897339
1782455459370430000,5.392429931640625,0.35506191849708557,0.27359437942504883,-1.2947039604187012
1782455459380454000,5.402453857421875,0.29283714294433594,0.15689943730831146,-0.7742202281951904
1782455459390477800,5.412477783203125,0.17471003532409668,0.08333558589220047,-0.23666901886463165
1782455459400503000,5.4225029296875,0.06782779842615128,0.2168414443731308,0.1909259855747223
1782455459410527000,5.43252685546875,0.01466364599764347,0.2284746766090393,0.43690887093544006
1782455459420551700,5.4425517578125,-0.03054404817521572,0.096549391746521,0.49895572662353516
1782455459430575900,5.452575927734375,-0.06490539759397507,0.023216640576720238,0.45165878534317017
1782455459440600800,5.462600830078125,-0.11279010027647018,0.03008999302983284,0.39006224274635315
1782455459450625000,5.472625,-0.17342524230480194,0.0793970376253128,0.37877148389816284
1782455459460650000,5.48264990234375,-0.16554707288742065,0.21548987925052643,0.40868356823921204
1782455459470674000,5.492673828125,-0.14760296046733856,0.3310074210166931,0.43564143776893616
1782455459480697900,5.50269775390625,-0.1447448581457138,0.3062344491481781,0.4259909391403198
1782455459490722800,5.512722900390625,-0.08978279680013657,0.21222181618213654,0.3896562457084656
1782455459500747000,5.5227470703125,0.0084601491689682,0.10305698215961456,0.3308882713317871
1782455459510772000,5.53277197265625,0.1143934577703476,-0.006590737495571375,0.2809288501739502
1782455459520796000,5.5427958984375,0.17777642607688904,-0.11499790847301483,0.30544376373291016
1782455459530820900,5.55282080078125,0.22735033929347992,-0.08321184664964676,0.40289273858070374
1782455459540844800,5.5628447265625,0.22067990899085999,0.08761688321828842,0.5357842445373535
1782455459550870000,5.5728701171875,0.1482459306716919,0.2093276083469391,0.6190735101699829
1782455459560893700,5.582893798828125,0.08981270343065262,0.3324010372161865,0.6079207062721252
1782455459570918000,5.59291796875,0.0749206393957138,0.36626508831977844,0.514107346534729
1782455459580942800,5.60294287109375,0.08513892441987991,0.30505284667015076,0.3601982295513153
1782455459590967000,5.612967041015625,0.10796037316322327,0.20967796444892883,0.18674731254577637
1782455459600992000,5.622991943359375,0.083753302693367,0.09906117618083954,0.049980152398347855
1782455459611015700,5.633015625,0.012703284621238708,-0.10728959739208221,-0.032777074724435806
1782455459621041000,5.643041015625,-0.061626605689525604,-0.2740950882434845,-0.0860072672367096
1782455459631064800,5.65306494140625,-0.09538561850786209,-0.3319309651851654,-0.09406672418117523
1782455459641089800,5.66308984375,-0.12599945068359375,-0.3382330536842346,-0.12002721428871155
1782455459651114000,5.673114013671875,-0.12191948294639587,-0.18270041048526764,-0.20657627284526825
1782455459661138000,5.683137939453125,-0.08079814910888672,0.024860769510269165,-0.3834141492843628
1782455459671163000,5.693162841796875,-0.015067542903125286,0.2092125117778778,-0.716925859451294
1782455459681186800,5.703186767578125,0.16410860419273376,0.2863980829715729,-1.3175618648529053
1782455459691212000,5.7132119140625,0.39037200808525085,0.42425450682640076,-2.2127480506896973
1782455459701235700,5.723235595703125,0.6013457179069519,0.5824809074401855,-3.129988670349121
1782455459711260700,5.7332607421875,0.7320507764816284,0.016996081918478012,-3.599268913269043
1782455459721284900,5.743284912109375,0.6342571377754211,-0.8670695424079895,-3.3513948917388916
1782455459731309000,5.75330908203125,0.24073228240013123,-1.0754024982452393,-2.2427990436553955
1782455459741334000,5.763333984375,-0.44631853699684143,-0.6161536574363708,-0.3995001018047333
1782455459751357700,5.773357666015625,-1.0720317363739014,-0.2840287387371063,1.54608154296875
1782455459761383000,5.7833828125,-1.0594490766525269,-0.14620189368724823,2.8693110942840576
1782455459771406800,5.79340673828125,-0.6424066424369812,0.08373799175024033,3.320248603820801
1782455459781431800,5.803431884765625,-0.2889084815979004,0.15211278200149536,2.903639316558838
1782455459791456000,5.8134560546875,0.0025982370134443045,0.05289890244603157,1.819351077079773
1782455459801480700,5.823480712890625,0.3526148200035095,-0.13561081886291504,0.5860856771469116
1782455459811505000,5.8335048828125,0.5202953815460205,-0.29083582758903503,-0.2694341838359833
1782455459821529900,5.84352978515625,0.4517538845539093,-0.20946002006530762,-0.5959106087684631
1782455459831554000,5.853553955078125,0.14461523294448853,0.0229207631200552,-0.5239357948303223
1782455459841577700,5.86357763671875,-0.3918282389640808,0.4815221428871155,-0.25670355558395386
1782455459851602700,5.873602783203125,-0.9239948391914368,0.9103847146034241,0.12225370109081268
1782455459861627000,5.883626953125,-1.1405442953109741,0.9333118796348572,0.6469238996505737
1782455459871651800,5.89365185546875,-0.9232864379882812,0.6174354553222656,1.2398841381072998
1782455459881676000,5.903676025390625,-0.4926075041294098,0.4952325224876404,1.980885624885559
1782455459891701000,5.913700927734375,-0.07127278298139572,-0.018174368888139725,2.27760648727417
1782455459901725000,5.923724853515625,0.2890377342700958,-0.48138195276260376,1.947152853012085
1782455459911750000,5.93375,0.4487653374671936,-0.48190659284591675,1.3861204385757446
1782455459921773800,5.94377392578125,0.10214720666408539,-0.05311024934053421,1.0666966438293457
1782455459931798000,5.953798095703125,-0.2870809733867645,0.38433849811553955,1.053356647491455
1782455459941822700,5.96382275390625,-0.2190563678741455,0.5034518241882324,1.1841212511062622
1782455459951847000,5.973846923828125,0.1477021872997284,0.5924592614173889,1.4947798252105713
1782455459961872000,5.983871826171875,0.35482659935951233,0.5238445401191711,1.669256567955017
1782455459971895800,5.993895751953125,0.23756475746631622,0.5127527713775635,1.6587111949920654
1782455459981921000,6.003921142578125,0.19123560190200806,0.45545321702957153,1.4995633363723755
1782455459991944700,6.01394482421875,0.5025199055671692,0.4354627728462219,1.078230857849121
1782455460001970000,6.023969970703125,1.0086160898208618,0.4567936360836029,0.2881622910499573
1782455460011993900,6.033993896484375,1.2757469415664673,0.3917349576950073,-0.7097572088241577
1782455460022018000,6.04401806640625,1.1439801454544067,0.25232619047164917,-1.6015691757202148
1782455460032043000,6.05404296875,0.9091777801513672,-0.009975825436413288,-2.0706162452697754
1782455460042066700,6.064066650390625,0.8086724281311035,-0.19231075048446655,-2.0451393127441406
1782455460052092000,6.074091796875,0.7960071563720703,-0.3911442160606384,-1.5588454008102417
1782455460062115800,6.08411572265625,0.7288476228713989,-0.4609523117542267,-0.7690325379371643
1782455460072141000,6.09414111328125,0.6367000341415405,-0.4471164047718048,-0.025589320808649063
1782455460082164700,6.104164794921875,0.5298407077789307,-0.30103588104248047,0.4240068793296814
1782455460092189700,6.114189697265625,0.4271884858608246,-0.1810673475265503,0.5141862630844116
1782455460102214000,6.1242138671875,0.3431931734085083,-0.18782725930213928,0.32310551404953003
1782455460112238800,6.13423876953125,0.31755727529525757,-0.12298520654439926,-0.011265434324741364
1782455460122263000,6.144262939453125,0.28634849190711975,0.010087628848850727,-0.32554399967193604
1782455460132286700,6.15428662109375,0.23013772070407867,0.07001712173223495,-0.4968331456184387
1782455460142312000,6.16431201171875,0.1989039033651352,0.15834350883960724,-0.49984753131866455
1782455460152336000,6.1743359375,0.17670561373233795,0.2629607319831848,-0.325167715549469
1782455460162360800,6.18436083984375,0.1638159155845642,0.289995014667511,-0.017163805663585663
1782455460172385000,6.194385009765625,0.18023620545864105,0.25266534090042114,0.3008389174938202
1782455460182409700,6.20440966796875,0.2658155560493469,0.20138058066368103,0.5295608043670654
1782455460192434000,6.214433837890625,0.388285756111145,0.1262579709291458,0.6252655386924744
1782455460202459000,6.224458984375,0.48295366764068604,0.005590136628597975,0.5929622054100037
1782455460212482800,6.23448291015625,0.5271461606025696,-0.0893450528383255,0.43892860412597656
1782455460222506800,6.2445068359375,0.5309664607048035,-0.19605472683906555,0.18699409067630768
1782455460232531700,6.25453173828125,0.5306077599525452,-0.27366548776626587,-0.10946421325206757
1782455460242556000,6.264555908203125,0.4889228940010071,-0.2901267409324646,-0.37982112169265747
1782455460252580900,6.274580810546875,0.30006906390190125,-0.19055210053920746,-0.5880664587020874
1782455460262605000,6.28460498046875,0.025274768471717834,-0.004708734340965748,-0.6924548745155334
1782455460272630000,6.294630126953125,-0.07361189275979996,0.1742030680179596,-0.7986326813697815
1782455460282653700,6.30465380859375,0.057575151324272156,0.2762996256351471,-0.9750583171844482
1782455460292679000,6.314678955078125,0.08513469994068146,0.35616397857666016,-1.1986712217330933
1782455460302702800,6.324702880859375,0.006950681563466787,0.503757655620575,-1.4979610443115234
1782455460312727000,6.33472705078125,-0.11394891142845154,0.47002172470092773,-1.8730764389038086
1782455460322751700,6.344751708984375,-0.3710070848464966,0.33451372385025024,-2.3222405910491943
1782455460332776000,6.35477587890625,-0.7058409452438354,0.24047140777111053,-2.7898929119110107
1782455460342800600,6.364800537109375,-0.9369775056838989,0.1543213427066803,-3.037914514541626
1782455460352824600,6.374824462890625,-0.9368286728858948,-0.009155893698334694,-2.8397018909454346
1782455460362849500,6.384849609375,-0.6876260638237,-0.3234421908855438,-2.1422274112701416
1782455460372873500,6.39487353515625,-0.5533403754234314,-0.7668654918670654,-0.9763021469116211
1782455460382898700,6.404898681640625,-0.6537535190582275,-0.8282721042633057,0.36023369431495667
1782455460392922600,6.414922607421875,-0.7801370620727539,-0.4737967550754547,1.5204821825027466
1782455460402947600,6.424947509765625,-0.7539139986038208,-0.14123159646987915,2.259676218032837
1782455460412971500,6.434971435546875,-0.545973539352417,0.014695699326694012,2.3847198486328125
1782455460422995500,6.444995361328125,-0.24674922227859497,0.17849768698215485,1.8829506635665894
1782455460433020700,6.455020751953125,-0.03980648145079613,0.19655561447143555,1.0214546918869019
1782455460443044600,6.465044677734375,-0.04674108698964119,0.11606556922197342,0.24830126762390137
1782455460453069600,6.475069580078125,-0.2046108990907669,0.06826363503932953,-0.07025516778230667
1782455460463093500,6.485093505859375,-0.40690168738365173,0.1187630295753479,0.10730443894863129
1782455460473118500,6.495118408203125,-0.5378425717353821,0.22087033092975616,0.5743954181671143
1782455460483142700,6.505142578125,-0.5642907023429871,0.2977829575538635,1.1479156017303467
1782455460493167600,6.515167724609375,-0.4759805500507355,0.1353122889995575,1.7213804721832275
1782455460503191600,6.525191650390625,-0.29126209020614624,-0.4053911566734314,2.139873504638672
1782455460513215500,6.535215576171875,-0.021874619647860527,-0.9895875453948975,2.2978086471557617
1782455460523240400,6.545240478515625,0.2511731684207916,-1.3048195838928223,2.2404377460479736
1782455460533264600,6.5552646484375,0.4074234664440155,-1.1428179740905762,2.0185415744781494
1782455460543289600,6.56528955078125,0.4338063597679138,-0.6354586482048035,1.700201392173767
1782455460553313500,6.5753134765625,0.3149244785308838,-0.16271264851093292,1.2395267486572266
1782455460563338500,6.58533837890625,0.10531158000230789,0.17515461146831512,0.7372159957885742
1782455460573362700,6.59536279296875,-0.10311170667409897,0.5657697916030884,0.44100651144981384
1782455460583387600,6.6053876953125,-0.18823698163032532,0.9795869588851929,0.37953755259513855
1782455460593411600,6.61541162109375,-0.13888324797153473,1.1162229776382446,0.4521643817424774
1782455460603436500,6.6254365234375,-0.028522906824946404,0.8459585309028625,0.4606904983520508
1782455460613460500,6.63546044921875,0.03199106827378273,0.5377203822135925,0.17732372879981995
1782455460623484700,6.645484619140625,0.11128588765859604,0.16692101955413818,-0.39856967329978943
1782455460633509600,6.655509521484375,0.19051943719387054,-0.11620394885540009,-1.1289198398590088
1782455460643533600,6.665533447265625,0.3017500638961792,-0.2950967252254486,-1.7991183996200562
1782455460653558500,6.67555859375,0.37874576449394226,-0.45280635356903076,-2.2081243991851807
1782455460663582500,6.68558251953125,0.31239762902259827,-0.5455392003059387,-2.1381709575653076
1782455460673607700,6.695607666015625,0.15225760638713837,-0.44492146372795105,-1.6028544902801514
1782455460683631600,6.705631591796875,0.00460130674764514,-0.17221404612064362,-0.8428738117218018
1782455460693656600,6.715656494140625,-0.07911421358585358,0.06444546580314636,-0.15315690636634827
1782455460703680500,6.725680419921875,-0.10160300135612488,0.1176208034157753,0.2382902204990387
1782455460713704700,6.73570458984375,-0.13629202544689178,0.03107951581478119,0.3008140027523041
1782455460723729700,6.745729736328125,-0.1407773196697235,-0.06187465786933899,0.13708975911140442
1782455460733753600,6.755753662109375,-0.11148861795663834,-0.09145811945199966,-0.09080629795789719
1782455460743778600,6.765778564453125,-0.10611516237258911,-0.07355954498052597,-0.28255176544189453
1782455460753802500,6.775802490234375,-0.12895821034908295,-0.015736032277345657,-0.3788277506828308
1782455460763827500,6.785827392578125,-0.16981056332588196,0.10750866681337357,-0.3994542062282562
1782455460773851600,6.7958515625,-0.20633716881275177,0.21690994501113892,-0.3461510241031647
1782455460783876600,6.805876708984375,-0.2293090522289276,0.24067306518554688,-0.2111431360244751
1782455460793900500,6.815900634765625,-0.2290157824754715,0.21517127752304077,-0.03775875270366669
1782455460803925500,6.825925537109375,-0.1732875406742096,0.22425398230552673,0.12375690788030624
1782455460813949700,6.83594970703125,-0.09172927588224411,0.2078348994255066,0.2288377732038498
1782455460823973600,6.8459736328125,-0.016003355383872986,0.1605619341135025,0.2409501075744629
1782455460833998600,6.85599853515625,0.06362595409154892,0.0759958028793335,0.11336319893598557
1782455460844022500,6.8660224609375,0.14537647366523743,-0.10574070364236832,-0.0836569294333458
1782455460854047500,6.876047607421875,0.20718997716903687,-0.32095739245414734,-0.260598361492157
1782455460864071700,6.88607177734375,0.28081172704696655,-0.5020030736923218,-0.36873123049736023
1782455460874096600,6.8960966796875,0.25703665614128113,-0.5847411155700684,-0.4177071452140808
1782455460884120600,6.90612060546875,0.12078908085823059,-0.47107765078544617,-0.4497353732585907
1782455460894145500,6.9161455078125,-0.1477329283952713,-0.22564217448234558,-0.39593175053596497
1782455460904169500,6.92616943359375,-0.3531406819820404,0.06665892153978348,-0.25911077857017517
1782455460914194700,6.936194580078125,-0.1822003424167633,0.29777827858924866,-0.30643999576568604
1782455460924218600,6.946218505859375,0.2609477937221527,0.6849864721298218,-0.9436261057853699
1782455460934242600,6.95624267578125,0.5740019679069519,1.1584945917129517,-2.2839434146881104
1782455460944267500,6.966267578125,0.38320696353912354,1.3134360313415527,-3.94667387008667
1782455460954291500,6.97629150390625,0.003714912571012974,0.6430427432060242,-4.982327938079834
1782455460964316700,6.986316650390625,-0.3431064188480377,-0.5949739813804626,-4.400459289550781
1782455460974340600,6.996340576171875,-0.6535201668739319,-1.2446374893188477,-2.3138656616210938
1782455460984365800,7.00636572265625,-0.6210338473320007,-0.9186053276062012,0.3188943564891815
1782455460994389500,7.016389404296875,-0.5362251996994019,-0.19681835174560547,2.2256622314453125
1782455461004414500,7.02641455078125,-0.6892387270927429,0.4780367612838745,2.762378692626953
1782455461014438700,7.036438720703125,-0.8596192598342896,0.811340868473053,2.0582406520843506
1782455461024463600,7.046463623046875,-0.8348230719566345,0.8240313529968262,0.6516803503036499
1782455461034487600,7.056487548828125,-0.625669002532959,0.6466529369354248,-0.6589698195457458
1782455461044511500,7.066511474609375,-0.4228900969028473,0.32944566011428833,-1.2918328046798706
1782455461054536700,7.07653662109375,-0.33452221751213074,0.0483805313706398,-1.1568495035171509
1782455461064560600,7.086560546875,-0.2750895321369171,0.1270577609539032,-0.5981152653694153
1782455461074585600,7.096585693359375,-0.36426791548728943,0.4902409315109253,0.06844263523817062
1782455461084609500,7.106609619140625,-0.4625324308872223,0.7495813965797424,0.5700242519378662
1782455461094634500,7.116634521484375,-0.48315536975860596,0.7518184185028076,0.7583369016647339
1782455461104658700,7.12665869140625,-0.46758759021759033,0.48199838399887085,0.8953831791877747
1782455461114683600,7.13668359375,-0.3288081884384155,0.10092320293188095,1.2744437456130981
1782455461124707600,7.14670751953125,-0.03041432425379753,-0.25030913949012756,1.7497388124465942
1782455461134732500,7.156732666015625,0.36459219455718994,-0.5717827677726746,2.127593755722046
1782455461144756500,7.166756591796875,0.703884482383728,-0.8821097612380981,2.2983522415161133
1782455461154780700,7.17678076171875,0.8501725196838379,-1.006506085395813,2.2204689979553223
1782455461164805600,7.1868056640625,0.8255302906036377,-0.855577290058136,1.9146918058395386
1782455461174829600,7.19682958984375,0.7702696919441223,-0.7058547139167786,1.4353578090667725
1782455461184854500,7.2068544921875,0.7140202522277832,-0.5036749839782715,0.9029322266578674
1782455461194878500,7.21687841796875,0.6127856969833374,-0.2837491035461426,0.4662517011165619
1782455461204903700,7.226903564453125,0.44257643818855286,-0.09364787489175797,0.1778966188430786
1782455461214927600,7.236927734375,0.2678903639316559,0.058923933655023575,0.025809798389673233
1782455461224952600,7.24695263671875,0.15211665630340576,0.1500551700592041,-0.04436662420630455
1782455461234976500,7.2569765625,0.023710761219263077,0.2465566247701645,-0.0790504589676857
1782455461245001500,7.26700146484375,-0.10777722299098969,0.3389046788215637,-0.11491125077009201
1782455461255025700,7.277025634765625,-0.16576404869556427,0.31838956475257874,-0.1927715390920639
1782455461265049600,7.287049560546875,-0.11821038275957108,0.19947433471679688,-0.3553639352321625
1782455461275074600,7.297074462890625,-0.053230155259370804,0.04832470789551735,-0.5917217135429382
1782455461285098500,7.307098388671875,-0.03413422778248787,-0.14574329555034637,-0.8071272373199463
1782455461295123500,7.31712353515625,-0.027248576283454895,-0.3276938199996948,-0.8658897280693054
1782455461305147600,7.327147705078125,0.0156879723072052,-0.4242318272590637,-0.750704288482666
1782455461315172600,7.337172607421875,0.0580010712146759,-0.4536246359348297,-0.5103199481964111
1782455461325196500,7.347196533203125,0.06903214752674103,-0.4682818651199341,-0.24242562055587769
1782455461335221500,7.357221435546875,0.0822286605834961,-0.4475649297237396,-0.024896636605262756
1782455461345245700,7.36724560546875,0.08565081655979156,-0.3922436237335205,0.10634767264127731
1782455461355270700,7.377270751953125,0.06312581896781921,-0.3444210886955261,0.17219047248363495
1782455461365294600,7.387294677734375,0.025751549750566483,-0.3048156201839447,0.22545209527015686
1782455461375318500,7.397318603515625,-0.006775521207600832,-0.24786338210105896,0.29509714245796204
1782455461385343500,7.407343505859375,-0.04846437647938728,-0.19192981719970703,0.3550792634487152
1782455461395367700,7.41736767578125,-0.08089522272348404,-0.17129024863243103,0.36013785004615784
1782455461405392600,7.427392578125,-0.1068037897348404,-0.17850208282470703,0.3224192261695862
1782455461415416600,7.43741650390625,-0.12677909433841705,-0.2021564543247223,0.2663795053958893
1782455461425441500,7.447441650390625,-0.14304488897323608,-0.23810753226280212,0.2565377950668335
1782455461435465500,7.457465576171875,-0.12758769094944,-0.2677791118621826,0.32806238532066345
1782455461445490700,7.46749072265625,-0.09194502234458923,-0.24112409353256226,0.47457805275917053
1782455461455514600,7.4775146484375,-0.09835521131753922,-0.21848060190677643,0.6474472284317017
1782455461465539600,7.48753955078125,-0.09905482083559036,-0.2850407361984253,0.7973038554191589
1782455461475563500,7.4975634765625,-0.007615175098180771,-0.3203463852405548,0.8865923285484314
1782455461485588500,7.50758837890625,0.03470618277788162,-0.27514559030532837,0.8900898694992065
1782455461495612700,7.51761279296875,-0.04398433864116669,-0.16281041502952576,0.8042750358581543
1782455461505636600,7.52763671875,-0.12786006927490234,0.2435123324394226,0.9831305742263794
1782455461515661600,7.53766162109375,-0.07845531404018402,0.28255271911621094,0.9039559960365295
1782455461525685500,7.547685546875,0.01886405423283577,0.5449014902114868,0.01728985272347927
1782455461535710500,7.55771044921875,0.07312450557947159,0.8497391939163208,-2.061110734939575
1782455461545734700,7.567734619140625,0.004682063590735197,0.07085934281349182,-4.520648002624512
1782455461555759600,7.577759521484375,0.056046124547719955,-1.6211010217666626,-5.40720796585083
1782455461565783600,7.587783447265625,-0.2365516573190689,-2.7320809364318848,-4.002584457397461
